Date,produccion_diaria_promedio,importacion_diaria_promedio,exportacion_diaria_promedio,inventario_final_semanal
08/30/2024,13300,5792,3756,418310
08/23/2024,13300,6560,3671,425183
08/16/2024,13400,6652,4045,426029
08/9/2024,13300,6285,3756,430678
08/2/2024,13400,6224,3638,429321
07/26/2024,13300,6953,4919,433049
07/19/2024,13300,6871,4186,436485
07/12/2024,13300,7037,3964,440226
07/5/2024,13300,6760,3999,445096
06/28/2024,13200,6547,4401,448539
06/21/2024,13200,6611,3910,460696
06/14/2024,13200,7054,4418,457105
06/7/2024,13200,8304,3188,459652
05/31/2024,13100,7058,4501,455922
05/24/2024,13100,6769,4225,454689
05/17/2024,13100,6663,4730,458845
05/10/2024,13100,6744,4135,457020
05/3/2024,13100,6969,4468,459528
04/26/2024,13100,6772,3918,460890
04/19/2024,13100,6497,5179,453625
04/12/2024,13100,6461,4726,459993
04/5/2024,13100,6434,2708,457258
03/29/2024,13100,6618,4022,451417
03/22/2024,13100,6702,4181,448207
03/15/2024,13100,6278,4881,445042
03/8/2024,13100,5491,3147,446994
03/1/2024,13200,7222,4637,448530
02/23/2024,13300,6385,4728,447163
02/16/2024,13300,6654,4965,442964
02/9/2024,13300,6470,4347,439450
02/2/2024,13300,6907,3596,427432
01/26/2024,13000,5605,3894,421912
01/19/2024,12300,5580,4434,420678
01/12/2024,13300,7420,5029,429911
01/5/2024,13200,6241,3322,432403
12/29/2023,13200,6895,5292,431065
12/22/2023,13300,6276,3915,436568
12/15/2023,13300,6750,4121,443682
12/8/2023,13100,6517,3771,440773
12/1/2023,13100,7508,4339,445031
11/24/2023,13200,5833,4755,449664
11/17/2023,13200,6529,4786,448054
11/10/2023,13200,6373,4889,439354
11/3/2023,13200,6394,4525,435762
10/27/2023,13200,6425,4897,421893
10/20/2023,13200,6013,4833,421120
10/13/2023,13200,5942,5301,419748
10/6/2023,13200,6329,3067,424239
09/29/2023,12900,6215,4956,414063
09/22/2023,12900,7229,4012,416287
09/15/2023,12900,6517,5067,418456
09/8/2023,12900,7582,3090,420592
09/1/2023,12800,6770,4932,416637
08/25/2023,12800,6617,4528,422944
08/18/2023,12800,6933,4258,433528
08/11/2023,12700,7158,4599,439662
08/4/2023,12600,6682,2360,445622
07/28/2023,12200,6668,5283,439771
07/21/2023,12200,6367,4591,456820
07/14/2023,12300,7174,3814,457420
07/7/2023,12300,5880,2144,458128
06/30/2023,12400,7038,3901,452182
06/23/2023,12200,6580,5338,453690
06/16/2023,12200,6161,4543,463293
06/9/2023,12400,6381,3270,467124
06/2/2023,12400,6400,2475,459205
05/26/2023,12200,7217,4915,459657
05/19/2023,12300,5850,4549,455168
05/12/2023,12200,6860,4310,467624
05/5/2023,12300,5553,2876,462584
04/28/2023,12300,6396,4737,459633
04/21/2023,12200,6376,4819,460914
04/14/2023,12300,6294,4571,465968
04/7/2023,12300,6193,2727,470549
03/31/2023,12200,7144,5239,469952
03/24/2023,12200,5325,4584,473691
03/17/2023,12300,6172,4932,481180
03/10/2023,12200,6216,5027,480063
03/3/2023,12200,6271,3362,478513
02/24/2023,12300,6208,5629,480207
02/17/2023,12300,6326,4597,479041
02/10/2023,12300,6232,3146,471394
02/3/2023,12300,7058,2900,455111
01/27/2023,12200,7283,3492,452688
01/20/2023,12200,5905,4707,448548
01/13/2023,12200,6861,3872,448015
01/6/2023,12200,6350,2137,439607
12/30/2022,12100,5712,4207,420646
12/23/2022,12000,6252,3465,418952
12/16/2022,12100,5819,4360,418234
12/9/2022,12100,6867,4316,424129
12/2/2022,12200,6012,3430,413898
11/25/2022,12100,6037,4948,419084
11/18/2022,12100,7063,4242,431665
11/11/2022,12100,5559,3862,435355
11/4/2022,12100,6454,3521,440755
10/28/2022,11900,6205,3925,436830
10/21/2022,12000,6180,5129,439945
10/14/2022,12000,5908,4138,437357
10/7/2022,11900,6063,2872,439082
09/30/2022,12000,5947,4551,429203
09/23/2022,12000,6449,4646,430559
09/16/2022,12100,6947,3540,430774
09/9/2022,12100,5792,3515,429633
09/2/2022,12100,6779,3433,427191
08/26/2022,12100,5956,3967,418346
08/19/2022,12000,6171,4177,421672
08/12/2022,12100,6132,5000,424954
08/5/2022,12200,6171,2110,432010
07/29/2022,12100,7342,3512,426553
07/22/2022,12100,6164,4548,422086
07/15/2022,11900,6519,3759,426609
07/8/2022,12000,6675,3024,427054
07/1/2022,12100,6839,2612,423800
06/24/2022,12100,5998,3380,415566
06/17/2022,12000,6226,3572,418328
06/10/2022,12000,6985,3725,418714
06/3/2022,11900,6154,2232,416758
05/27/2022,11900,6218,3990,414733
05/20/2022,11900,6486,4341,419801
05/13/2022,11900,6568,3520,420820
05/6/2022,11800,6269,2879,424214
04/29/2022,11900,6332,3574,415727
04/22/2022,11900,5934,3721,414424
04/15/2022,11900,5837,4270,413733
04/8/2022,11800,5995,2180,421753
04/1/2022,11800,6300,3693,412371
03/25/2022,11700,6259,2988,409950
03/18/2022,11600,6486,3844,413399
03/11/2022,11600,6395,2936,415907
03/4/2022,11600,6319,2422,411562
02/25/2022,11600,5767,3796,413425
02/18/2022,11600,6828,2686,416022
02/11/2022,11600,5790,2271,411508
02/4/2022,11600,6389,3100,410387
01/28/2022,11500,7085,2376,415143
01/21/2022,11600,6236,2796,416190
01/14/2022,11700,6745,2610,413813
01/7/2022,11700,6069,1955,413298
12/31/2021,11800,5884,2554,417851
12/24/2021,11800,6759,2929,419995
12/17/2021,11600,6194,2879,423571
12/10/2021,11700,6471,3645,428286
12/3/2021,11700,6499,2270,432870
11/26/2021,11600,6604,2704,433111
11/19/2021,11500,6436,2605,434020
11/12/2021,11400,6191,3626,433003
11/5/2021,11500,6108,3053,435104
10/29/2021,11500,6172,2925,434102
10/22/2021,11300,6254,2787,430812
10/15/2021,11300,5825,3060,426544
10/8/2021,11400,5994,2514,426975
10/1/2021,11300,7035,2114,420887
09/24/2021,11100,6552,3020,418542
09/17/2021,10600,6465,2809,413964
09/10/2021,10100,5761,2624,417445
09/3/2021,10000,5810,2342,423867
08/27/2021,11500,6340,3040,425395
08/20/2021,11400,6157,2812,432564
08/13/2021,11400,6350,3431,435544
08/6/2021,11300,6396,2663,438777
07/30/2021,11200,6432,1904,439225
07/23/2021,11200,6507,2489,435598
07/16/2021,11400,7097,2463,439687
07/9/2021,11400,6221,4025,437580
07/2/2021,11300,5875,2628,445476
06/25/2021,11100,6406,3717,452342
06/18/2021,11100,6943,3651,459060
06/11/2021,11200,6746,3884,466674
06/4/2021,11000,6638,2931,474029
05/28/2021,10800,5631,2544,479270
05/21/2021,11000,6273,3433,484349
05/14/2021,11000,6411,3306,486011
05/7/2021,11000,5488,1796,484691
04/30/2021,10900,5451,4122,485117
04/23/2021,10900,6616,2541,493107
04/16/2021,11000,5405,2548,493017
04/9/2021,11000,5852,2579,492423
04/2/2021,10900,6264,3434,498313
03/26/2021,11100,6145,3174,501835
03/19/2021,11000,5622,2481,502711
03/12/2021,10900,5323,2520,500799
03/5/2021,10900,5655,2633,498403
02/26/2021,10000,6292,2351,484605
02/19/2021,9700,4599,2314,463042
02/12/2021,10800,5898,3862,461757
02/5/2021,11000,5857,2617,469014
01/29/2021,10900,6507,3483,475659
01/22/2021,10900,5064,3355,476653
01/15/2021,11000,6045,2251,486563
01/8/2021,11000,6239,3011,482211
01/1/2021,11000,5369,3632,485459
12/25/2020,11000,5326,3625,493469
12/18/2020,11000,5564,3099,499534
12/11/2020,11000,5424,2627,500096
12/4/2020,11100,6479,1834,503231
11/27/2020,11100,5399,3456,488042
11/20/2020,11000,5228,2831,488721
11/13/2020,10900,5254,2748,489475
11/6/2020,10500,5499,2765,488706
10/30/2020,10500,5029,2265,484429
10/23/2020,11100,5664,3460,492427
10/16/2020,9900,5118,3036,488107
10/9/2020,10500,5286,2135,489109
10/2/2020,11000,5732,2659,492927
09/25/2020,10700,5122,3512,492426
09/18/2020,10700,5168,3022,494406
09/11/2020,10900,5008,2595,496045
09/4/2020,10000,5423,2944,500434
08/28/2020,9700,4900,3002,498401
08/21/2020,10800,5916,3363,507763
08/14/2020,10700,5730,2137,512452
08/7/2020,10700,5621,3143,514084
07/31/2020,11000,6010,2819,518596
07/24/2020,11100,5146,3211,525969
07/17/2020,11100,5941,2993,536580
07/10/2020,11000,5567,2543,531688
07/3/2020,11000,7394,2387,539181
06/26/2020,11000,5969,3092,533527
06/19/2020,11000,6540,3157,540722
06/12/2020,10500,6642,2462,539280
06/5/2020,11100,6864,2439,538065
05/29/2020,11200,6179,2794,532345
05/22/2020,11400,7200,3176,534422
05/15/2020,11500,5197,3239,526494
05/8/2020,11600,5391,3525,531476
05/1/2020,11900,5712,3546,532221
04/24/2020,12100,5302,3302,527631
04/17/2020,12200,4937,2890,518640
04/10/2020,12300,5680,3436,503618
04/3/2020,12400,5874,2833,484370
03/27/2020,13000,6047,3155,469193
03/20/2020,13000,6117,3850,455360
03/13/2020,13100,6539,4378,453737
03/6/2020,13000,6412,3410,451783
02/28/2020,13100,6238,4154,444119
02/21/2020,13000,6217,3657,443335
02/14/2020,13000,6547,3564,442883
02/7/2020,13000,6978,2970,442468
01/31/2020,12900,6615,3413,435009
01/24/2020,13000,6660,3509,431654
01/17/2020,13000,6432,3414,428106
01/10/2020,13000,6552,3481,428511
01/3/2020,12900,6730,3064,431060
12/27/2019,12900,6352,4462,429896
12/20/2019,12900,6809,3397,441359
12/13/2019,12800,6579,3633,446833
12/6/2019,12800,6887,3400,447918
11/29/2019,12900,5989,3135,447096
11/22/2019,12900,6190,3480,451952
11/15/2019,12800,5972,3027,450380
11/8/2019,12800,5750,2633,449001
11/1/2019,12600,6077,2371,446782
10/25/2019,12600,6697,3327,438853
10/18/2019,12600,5857,3683,433151
10/11/2019,12600,6295,3248,434850
10/4/2019,12600,6224,3401,425569
09/27/2019,12400,6291,2867,422642
09/20/2019,12500,6378,2983,419538
09/13/2019,12400,7050,3175,417126
09/6/2019,12400,6725,3295,416068
08/30/2019,12400,6904,3061,422980
08/23/2019,12500,5928,3019,427751
08/16/2019,12300,7218,2803,437778
08/9/2019,12300,7714,2683,440510
08/2/2019,12300,7148,1865,438930
07/26/2019,12200,6663,2574,436545
07/19/2019,11300,7028,3292,445041
07/12/2019,12000,6832,2534,455876
07/5/2019,12300,7302,3048,458992
06/28/2019,12200,7585,2990,468491
06/21/2019,12100,6656,3770,469576
06/14/2019,12200,7467,3422,482364
06/7/2019,12300,7611,3122,485470
05/31/2019,12400,7927,3298,483264
05/24/2019,12300,6862,3317,476493
05/17/2019,12200,6943,2922,476775
05/10/2019,12100,7612,3347,472035
05/3/2019,12200,6693,2322,466604
04/26/2019,12300,7414,2611,470567
04/19/2019,12200,7149,2681,460633
04/12/2019,12100,5992,2401,455154
04/5/2019,12200,6599,2349,456550
03/29/2019,12200,6763,2723,449521
03/22/2019,12100,6540,2886,442283
03/15/2019,12100,6932,3392,439483
03/8/2019,12000,6746,2546,449072
03/1/2019,12100,7001,2803,452934
02/22/2019,12100,5917,3359,445865
02/15/2019,12000,7522,3607,454512
02/8/2019,11900,6210,2364,450840
02/1/2019,11900,7146,2870,447207
01/25/2019,11900,7083,1944,445944
01/18/2019,11900,8191,2035,445025
01/11/2019,11900,7527,2966,437055
01/4/2019,11700,7846,2065,439738
12/28/2018,11700,7392,2237,441418
12/21/2018,11700,7656,2969,441411
12/14/2018,11600,7423,2325,441457
12/7/2018,11600,7393,2274,441954
11/30/2018,11700,7219,3203,443162
11/23/2018,11700,8162,2442,450485
11/16/2018,11700,7554,1969,446908
11/9/2018,11700,7452,2050,442057
11/2/2018,11600,7539,2405,431787
10/26/2018,11200,7344,2485,426004
10/19/2018,10900,7678,2180,422787
10/12/2018,10900,7615,1782,416441
10/5/2018,11200,7397,2576,409951
09/28/2018,11100,7965,1723,403964
09/21/2018,11100,7802,2640,395989
09/14/2018,11000,8024,2367,394137
09/7/2018,10900,7591,1828,396194
08/31/2018,11000,7714,1508,401490
08/24/2018,11000,7485,1779,405792
08/17/2018,11000,7518,1155,408358
08/10/2018,10900,9014,1592,414194
08/3/2018,10800,7931,1850,407389
07/27/2018,10900,7749,1310,408740
07/20/2018,11000,7770,2683,404937
07/13/2018,11000,9066,1461,411084
07/6/2018,10900,7431,2027,405248
06/29/2018,10900,9055,2336,417881
06/22/2018,10900,8356,3000,416636
06/15/2018,10900,8242,2374,426527
06/8/2018,10900,8099,2030,432441
06/1/2018,10800,8346,1714,436584
05/25/2018,10769,7631,2179,434512
05/18/2018,10725,8159,1748,438132
05/11/2018,10723,7601,2566,432354
05/4/2018,10703,7323,1877,433758
04/27/2018,10619,8549,2148,435955
04/20/2018,10586,8469,2331,429737
04/13/2018,10540,7930,1749,427567
04/6/2018,10525,8650,1205,428638
03/30/2018,10460,7898,2175,425332
03/23/2018,10433,8148,1578,429949
03/16/2018,10407,7077,1573,428306
03/9/2018,10381,7585,1487,430928
03/2/2018,10369,8003,1498,425906
02/23/2018,10283,7282,1445,423498
02/16/2018,10270,7021,2044,420479
02/9/2018,10271,7888,1322,422095
02/2/2018,10251,7892,1287,420254
01/26/2018,9919,8430,1765,418359
01/19/2018,9878,8041,1411,411583
01/12/2018,9750,7950,1249,412654
01/5/2018,9492,7658,1015,419515
12/29/2017,9782,7966,1475,424463
12/22/2017,9754,7993,1210,431882
12/15/2017,9789,7834,1858,436491
12/8/2017,9780,7363,1086,442986
12/1/2017,9707,7202,1358,448103
11/24/2017,9682,7329,1412,453713
11/17/2017,9658,7873,1591,457142
11/10/2017,9645,7898,1129,458997
11/3/2017,9620,7377,869,457143
10/27/2017,9553,7571,2133,454906
10/20/2017,9507,8123,1924,457341
10/13/2017,8406,7483,1798,456485
10/6/2017,9480,7617,1270,462216
09/29/2017,9561,7214,1984,464963
09/22/2017,9547,7427,1491,470986
09/15/2017,9510,7368,928,472832
09/8/2017,9353,6480,774,468241
09/1/2017,8781,7083,153,462353
08/25/2017,9530,7905,902,457773
08/18/2017,9528,8790,936,463165
08/11/2017,9502,8126,877,466492
08/4/2017,9423,7762,707,475437
07/28/2017,9430,8253,702,481888
07/21/2017,9410,8044,1030,483415
07/14/2017,9429,7996,728,490623
07/7/2017,9397,7610,918,495350
06/30/2017,9338,7742,768,502914
06/23/2017,9250,8016,528,509213
06/16/2017,9350,7876,517,509095
06/9/2017,9330,8025,722,511546
06/2/2017,9318,8341,557,513207
05/26/2017,9342,7985,1303,509912
05/19/2017,9320,8294,625,516340
05/12/2017,9305,8590,1086,520772
05/5/2017,9314,7620,693,522525
04/28/2017,9293,8264,538,527772
04/21/2017,9265,8912,1152,528702
04/14/2017,9252,7810,565,532343
04/7/2017,9235,7878,689,533377
03/31/2017,9199,7850,575,535543
03/24/2017,9147,8224,1010,533977
03/17/2017,9129,8307,550,533110
03/10/2017,9109,7405,717,528156
03/3/2017,9088,8150,897,528393
02/24/2017,9032,7589,721,520184
02/17/2017,9001,7286,1211,518683
02/10/2017,8977,8491,1026,518119
02/3/2017,8978,9372,567,508592
01/27/2017,8915,8290,549,494762
01/20/2017,8961,7810,599,488296
01/13/2017,8944,8378,704,485456
01/6/2017,8946,9052,727,483109
12/30/2016,8770,7183,686,479012
12/23/2016,8766,8167,627,486063
12/16/2016,8786,8471,557,485449
12/9/2016,8796,7360,485,483193
12/2/2016,8697,8303,499,485756
11/25/2016,8699,7548,474,488145
11/18/2016,8690,7578,469,489029
11/11/2016,8681,8423,481,490284
11/4/2016,8692,7442,410,485010
10/28/2016,8522,8995,404,482578
10/21/2016,8504,7016,415,468158
10/14/2016,8464,6907,439,468711
10/7/2016,8450,7861,481,473958
09/30/2016,8467,7710,440,469108
09/23/2016,8497,7835,507,472084
09/16/2016,8512,8309,588,473966
09/9/2016,8493,8062,418,480166
09/2/2016,8458,7069,501,480725
08/26/2016,8488,8917,698,495238
08/19/2016,8548,8642,677,492962
08/12/2016,8597,8193,677,490461
08/5/2016,8445,8404,677,492969
07/29/2016,8460,8738,677,491914
07/22/2016,8515,8437,677,490501
07/15/2016,8494,8134,598,488830
07/8/2016,8485,7841,598,491172
07/1/2016,8428,8363,598,493718
06/24/2016,8622,7555,598,495941
06/17/2016,8677,8439,489,499994
06/10/2016,8716,7622,489,500911
06/3/2016,8745,7705,489,501844
05/27/2016,8735,7839,489,504205
05/20/2016,8767,7315,390,505571
05/13/2016,8791,7677,390,509797
05/6/2016,8802,7655,390,508487
04/29/2016,8825,7660,390,512095
04/22/2016,8938,7550,390,509311
04/15/2016,8953,8187,339,507312
04/8/2016,8977,7940,339,505232
04/1/2016,9008,7254,339,498598
03/25/2016,9022,7748,387,503816
03/18/2016,9038,8384,387,501517
03/11/2016,9068,7693,387,492160
03/4/2016,9078,8048,387,490843
02/26/2016,9077,8292,387,486699
02/19/2016,9102,7802,399,476325
02/12/2016,9135,7919,399,472823
02/5/2016,9186,7124,399,470676
01/29/2016,9214,8256,399,471344
01/22/2016,9221,7609,399,463552
01/15/2016,9235,7779,500,455169
01/8/2016,9227,8188,500,451190
01/1/2016,9219,7510,500,450956
12/25/2015,9202,7892,500,455106
12/18/2015,9179,7326,500,452477
12/11/2015,9176,8312,445,458354
12/4/2015,9164,8021,445,453553
11/27/2015,9202,7747,445,457212
11/20/2015,9165,7333,445,456035
11/13/2015,9182,6968,504,455074
11/6/2015,9185,7377,504,454822
10/30/2015,9160,6943,504,450841
10/23/2015,9112,7032,504,447994
10/16/2015,9096,7471,526,444618
10/9/2015,9096,7315,526,436590
10/2/2015,9172,7068,526,429028
09/25/2015,9096,7554,526,425988
09/18/2015,9136,7176,477,422033
09/11/2015,9117,7189,477,423958
09/4/2015,9135,7459,477,426062
08/28/2015,9218,7855,477,423657
08/21/2015,9337,7199,477,418990
08/14/2015,9348,8038,576,424442
08/7/2015,9395,7573,576,421822
07/31/2015,9465,7180,576,423226
07/24/2015,9413,7545,571,427633
07/17/2015,9558,7941,571,431836
07/10/2015,9562,7354,571,429368
07/3/2015,9604,7316,571,433714
06/26/2015,9595,7513,571,433223
06/19/2015,9604,6765,571,430837
06/12/2015,9589,7067,441,435771
06/5/2015,9610,6623,441,438447
05/29/2015,9586,7373,441,444464
05/22/2015,9566,6696,441,446412
05/15/2015,9262,7199,467,449214
05/8/2015,9374,6881,467,451888
05/1/2015,9369,6541,467,454079
04/24/2015,9373,7446,467,458181
04/17/2015,9366,7765,503,456271
04/10/2015,9384,7148,503,450956
04/3/2015,9404,8217,503,449662
03/27/2015,9386,7348,503,437983
03/20/2015,9422,7392,503,433217
03/13/2015,9419,7496,478,425047
03/6/2015,9366,6793,478,415425
02/27/2015,9324,7368,478,410246
02/20/2015,9285,7279,478,399943
02/13/2015,9280,7105,502,391516
02/6/2015,9226,7286,502,383800
01/30/2015,9177,7387,502,379473
01/23/2015,9213,7422,502,373140
01/16/2015,9186,7218,388,364266
01/9/2015,9192,7492,388,354195
01/2/2015,9132,6856,388,348806
12/26/2014,9121,7061,388,352979
12/19/2014,9127,8292,388,354733
12/12/2014,9137,7104,374,347466
12/5/2014,9118,7668,374,348313
11/28/2014,9083,7303,374,347015
11/21/2014,9077,7473,374,350704
11/14/2014,9004,7638,411,348758
11/7/2014,9063,6877,411,346150
10/31/2014,8972,6675,411,348935
10/24/2014,8970,7101,411,348475
10/17/2014,8934,7477,420,346414
10/10/2014,8951,7740,420,339303
10/3/2014,8875,7712,420,330380
09/26/2014,8837,7284,420,325465
09/19/2014,8867,6870,385,326828
09/12/2014,8838,8114,385,331101
09/5/2014,8590,7621,385,327428
08/29/2014,8630,7675,385,328119
08/22/2014,8631,7633,385,329024
08/15/2014,8577,7459,295,331094
08/8/2014,8556,7846,295,335568
08/1/2014,8453,7563,295,334167
07/25/2014,8443,7744,295,335631
07/18/2014,8565,7407,273,339328
07/11/2014,8592,7427,273,343297
07/4/2014,8514,7285,273,350822
06/27/2014,8442,7265,273,353229
06/20/2014,8446,7341,273,356384
06/13/2014,8477,7234,74,354642
06/6/2014,8460,7146,74,355221
05/30/2014,8383,7123,74,357951
05/23/2014,8472,7809,74,361382
05/16/2014,8434,6469,71,359725
05/9/2014,8428,7127,71,366951
05/2/2014,8350,6885,71,366004
04/25/2014,8352,7483,71,367576
04/18/2014,8360,7796,67,365878
04/11/2014,8301,8271,67,362354
04/4/2014,8229,7312,67,352341
03/28/2014,8192,6831,67,348423
03/21/2014,8190,7617,64,350802
03/14/2014,8215,7309,64,344183
03/7/2014,8182,7311,64,338333
02/28/2014,8077,7112,64,332453
02/21/2014,8059,7037,64,331024
02/14/2014,8148,7421,61,330956
02/7/2014,8132,7929,61,329983
01/31/2014,8044,6887,61,326930
01/24/2014,8044,8048,61,326490
01/17/2014,8052,7544,58,320069
01/10/2014,8159,6889,58,319079
01/3/2014,8145,7961,58,326737
12/27/2013,8121,7495,58,330695
12/20/2013,8111,7535,58,337702
12/13/2013,8058,7732,57,342433
12/6/2013,8075,6862,57,345374
11/29/2013,8011,7809,57,356378
11/22/2013,8019,7718,57,361963
11/15/2013,7974,7863,56,359010
11/8/2013,7981,7844,56,358635
11/1/2013,7858,7224,56,355995
10/25/2013,7853,7459,56,354806
10/18/2013,7896,7656,56,350719
10/11/2013,7428,8004,56,345473
10/4/2013,7809,8043,56,341474
09/27/2013,7784,8363,56,334730
09/20/2013,7777,7925,56,329258
09/13/2013,7827,7578,55,326623
09/6/2013,7745,8017,55,330991
08/30/2013,7621,8255,55,331609
08/23/2013,7609,8374,55,333445
08/16/2013,7518,7951,55,330459
08/9/2013,7571,7917,52,331887
08/2/2013,7560,7914,52,334699
07/26/2013,7542,8168,52,336130
07/19/2013,7555,8032,52,335699
07/12/2013,7490,7705,50,338524
07/5/2013,7401,7525,50,345426
06/28/2013,7267,7407,50,355163
06/21/2013,7261,8298,50,365510
06/14/2013,7129,8436,48,365492
06/7/2013,7224,7850,48,365179
05/31/2013,7300,7268,48,362550
05/24/2013,7292,7817,48,368817
05/17/2013,7258,8130,48,365817
05/10/2013,7321,7623,47,366155
05/3/2013,7369,7606,47,366779
04/26/2013,7312,8166,47,366408
04/19/2013,7326,7564,47,359712
04/12/2013,7208,7431,45,358765
04/5/2013,7181,7720,45,359998
03/29/2013,7151,7931,45,360116
03/22/2013,7151,8158,45,357409
03/15/2013,7150,7317,45,354153
03/8/2013,7159,7535,44,355467
03/1/2013,7093,7308,44,352843
02/22/2013,7096,7958,44,349107
02/15/2013,7118,7689,44,347977
02/8/2013,7064,7513,44,343834
02/1/2013,6997,7569,44,343274
01/25/2013,6993,8068,44,340940
01/18/2013,6989,7730,44,334993
01/11/2013,7041,8030,43,332180
01/4/2013,7002,8342,43,333131
12/28/2012,6985,7094,43,332239
12/21/2012,6984,8025,43,343359
12/14/2012,6863,8399,43,343945
12/7/2012,6852,8499,42,344909
11/30/2012,6817,8230,42,344769
11/23/2012,6818,8118,42,347126
11/16/2012,6710,7768,42,347473
11/9/2012,6709,7870,42,348939
11/2/2012,6677,8011,41,347850
10/26/2012,6669,7922,41,346303
10/19/2012,6610,8823,41,348348
10/12/2012,6606,8347,41,342452
10/5/2012,6598,8221,41,339592
09/28/2012,6520,8106,41,338080
09/21/2012,6509,7595,41,338562
09/14/2012,6277,9848,41,341008
09/7/2012,5526,8565,40,332474
08/31/2012,5486,8035,40,331065
08/24/2012,6258,9495,40,338491
08/17/2012,6246,8207,40,334713
08/10/2012,6181,8717,40,340125
08/3/2012,6218,8627,40,343824
07/27/2012,6320,8406,40,347599
07/20/2012,6364,9633,40,354121
07/13/2012,6245,8937,39,351404
07/6/2012,6249,8626,39,352213
06/29/2012,6094,8774,39,357068
06/22/2012,6257,9118,39,361338
06/15/2012,6353,9445,39,361471
06/8/2012,6236,9117,39,358610
06/1/2012,6245,8957,39,358801
05/25/2012,6227,9056,39,360564
05/18/2012,6239,8583,39,358351
05/11/2012,6149,8881,39,357468
05/4/2012,6136,8967,39,355340
04/27/2012,6121,8822,39,350051
04/20/2012,6113,8766,39,347211
04/13/2012,6043,8718,39,343233
04/6/2012,6040,8522,38,339377
03/30/2012,6049,9774,38,336811
03/23/2012,5821,9269,38,327802
03/16/2012,5826,8224,38,320700
03/9/2012,5830,8716,37,321862
03/2/2012,5806,8712,37,320112
02/24/2012,5814,9187,37,319264
02/17/2012,5817,9091,37,315104
02/10/2012,5819,8756,37,313471
02/3/2012,5763,8413,37,313642
01/27/2012,5720,8880,37,313351
01/20/2012,5722,8853,37,309176
01/13/2012,5726,8265,37,305618
01/6/2012,5844,9907,36,309056
12/30/2011,5851,9024,36,307231
12/23/2011,5846,8990,36,305022
12/16/2011,5862,7581,36,301123
12/9/2011,5862,8322,36,311693
12/2/2011,5861,9436,36,313625
11/25/2011,5864,9061,36,312476
11/18/2011,5887,8319,36,308544
11/11/2011,5894,8565,36,314763
11/4/2011,5846,8618,36,315819
10/28/2011,5818,8954,36,317407
10/21/2011,5876,9373,36,315581
10/14/2011,5891,7921,36,310846
10/7/2011,5878,9086,36,315575
09/30/2011,5800,8700,36,314342
09/23/2011,5756,9702,36,319021
09/16/2011,5747,8351,36,317106
09/9/2011,5083,8542,35,324442
09/2/2011,5642,8565,35,331146
08/26/2011,5598,9607,35,335107
08/19/2011,5591,8808,35,329826
08/12/2011,5561,9285,35,332039
08/5/2011,5529,9100,35,327806
07/29/2011,5523,9134,35,332927
07/22/2011,5377,9840,35,331977
07/15/2011,5591,9343,35,329681
07/8/2011,5578,9000,35,333408
07/1/2011,5520,9854,35,336532
06/24/2011,5593,8878,35,337405
06/17/2011,5650,9149,35,341780
06/10/2011,5643,8638,35,343491
06/3/2011,5633,8600,34,346897
05/27/2011,5609,9518,34,351529
05/20/2011,5583,9232,34,348651
05/13/2011,5618,8570,34,348035
05/6/2011,5609,8964,34,348050
04/29/2011,5623,8877,34,344418
04/22/2011,5610,9266,34,340997
04/15/2011,5625,8053,34,334841
04/8/2011,5635,8571,34,337163
04/1/2011,5638,8950,34,335536
03/25/2011,5568,9128,34,333920
03/18/2011,5570,8987,34,330975
03/11/2011,5591,8681,34,328844
03/4/2011,5593,8300,33,327099
02/25/2011,5591,8010,33,324722
02/18/2011,5604,8106,33,325086
02/11/2011,5610,8266,33,324264
02/4/2011,5597,8909,33,323404
01/28/2011,5568,9014,33,321573
01/21/2011,5321,9385,33,318979
01/14/2011,5205,8999,33,314143
01/7/2011,5575,8895,33,311526
12/31/2010,5598,8446,33,313918
12/24/2010,5575,8813,33,318079
12/17/2010,5598,8741,33,319337
12/10/2010,5604,7690,33,324670
12/3/2010,5582,9053,34,334524
11/26/2010,5555,8446,34,338658
11/19/2010,5581,9024,34,337592
11/12/2010,5597,7864,34,336563
11/5/2010,5596,8089,33,343849
10/29/2010,5593,8578,33,347394
10/22/2010,5540,9463,33,345444
10/15/2010,5536,8600,33,340437
10/8/2010,5528,8128,33,339770
10/1/2010,5514,8926,33,340186
09/24/2010,5562,9005,33,337343
09/17/2010,5556,9322,33,337818
09/10/2010,5573,9027,33,336848
09/3/2010,5603,8885,32,339337
08/27/2010,5602,9679,32,341105
08/20/2010,5511,9881,32,337680
08/13/2010,5352,9561,32,333572
08/6/2010,5239,9441,33,334390
07/30/2010,5440,9629,33,337388
07/23/2010,5486,11153,33,340172
07/16/2010,5460,9977,33,332864
07/9/2010,5352,9281,33,332504
07/2/2010,5414,9413,33,337562
06/25/2010,5257,9481,33,342606
06/18/2010,5501,10112,33,344613
06/11/2010,5503,9699,34,342596
06/4/2010,5445,9535,34,340906
05/28/2010,5320,9455,34,342581
05/21/2010,5540,9928,34,344483
05/14/2010,5516,9829,34,342023
05/7/2010,5533,9687,34,341861
04/30/2010,5522,9951,34,339942
04/23/2010,5488,9681,34,337187
04/16/2010,5466,9613,34,335224
04/9/2010,5475,8880,33,333330
04/2/2010,5473,9561,33,335532
03/26/2010,5489,9060,33,333386
03/19/2010,5536,9397,33,330457
03/12/2010,5540,8428,33,323212
03/5/2010,5527,8492,33,322200
02/26/2010,5510,9236,33,320730
02/19/2010,5505,9084,33,316696
02/12/2010,5482,8548,33,313662
02/5/2010,5475,8342,33,310577
01/29/2010,5403,8426,33,308283
01/22/2010,5421,7867,33,305966
01/15/2010,5404,8540,33,309854
01/8/2010,5496,8895,32,310325
01/1/2010,5507,8355,32,306626
12/25/2009,5512,8027,32,307969
12/18/2009,5524,7707,32,309507
12/11/2009,5524,7772,32,314348
12/4/2009,5538,8137,32,318037
11/27/2009,5561,8401,32,321832
11/20/2009,5433,8950,32,319741
11/13/2009,5317,8579,32,318722
11/6/2009,5506,8656,32,319609
10/30/2009,5391,8126,32,317821
10/23/2009,5357,8890,32,321757
10/16/2009,5371,8699,32,320979
10/9/2009,5377,8731,32,319667
10/2/2009,5360,9098,31,319333
09/25/2009,5375,9533,31,320467
09/18/2009,5300,9794,31,317671
09/11/2009,5304,8903,31,314816
09/4/2009,5266,9095,31,319545
08/28/2009,5244,9576,31,325351
08/21/2009,5173,9225,31,325723
08/14/2009,5169,8113,31,325595
08/7/2009,5172,9530,31,333992
07/31/2009,5246,9287,31,331296
07/24/2009,5107,10024,31,329626
07/17/2009,5176,9203,31,324474
07/10/2009,5171,9549,31,326270
07/3/2009,5171,9224,30,329083
06/26/2009,5163,9363,30,331784
06/19/2009,5257,9284,30,335444
06/12/2009,5273,9037,30,339312
06/5/2009,5358,8970,30,343186
05/29/2009,5358,9646,30,347582
05/22/2009,5364,8778,30,344716
05/15/2009,5352,8791,30,350129
05/8/2009,5306,8708,31,352234
05/1/2009,5280,9920,31,356863
04/24/2009,5269,9824,31,355909
04/17/2009,5421,9855,30,351856
04/10/2009,5482,9391,30,347999
04/3/2009,5469,9332,30,342328
03/27/2009,5480,9554,29,340912
03/20/2009,5432,9384,29,338068
03/13/2009,5414,9180,29,334766
03/6/2009,5401,9121,29,332824
02/27/2009,5373,9028,29,332309
02/20/2009,5300,8769,29,333066
02/13/2009,5323,8793,29,332349
02/6/2009,5327,9652,28,332487
01/30/2009,5235,10037,28,327868
01/23/2009,5045,9708,28,320698
01/16/2009,5052,9866,28,314480
01/9/2009,4917,9729,28,308380
01/2/2009,4935,10485,28,307236
12/26/2008,4979,9249,28,301142
12/19/2008,4972,9118,28,300593
12/12/2008,4967,9673,28,303694
12/5/2008,5152,9959,28,303169
11/28/2008,5118,9504,27,302817
11/21/2008,5006,10959,27,303273
11/14/2008,4943,9871,27,295993
11/7/2008,4885,9503,27,294394
10/31/2008,4776,9972,27,294444
10/24/2008,4675,10337,27,294390
10/17/2008,4630,10400,27,293897
10/10/2008,4572,10161,27,290715
10/3/2008,4422,10346,27,285104
09/26/2008,3839,8989,26,276912
09/19/2008,3932,7143,26,272634
09/12/2008,3988,8510,26,274154
09/5/2008,4084,8581,26,280482
08/29/2008,5097,9830,26,286362
08/22/2008,4906,9979,27,288260
08/15/2008,5078,10991,27,288437
08/8/2008,5139,9655,27,279047
08/1/2008,5172,10193,27,279363
07/25/2008,5160,10005,27,277865
07/18/2008,5165,9806,27,277946
07/11/2008,5139,10791,27,279504
07/4/2008,4960,9547,27,276552
06/27/2008,5123,10168,27,282258
06/20/2008,5120,10251,27,284240
06/13/2008,5145,10259,27,283437
06/6/2008,5114,9688,27,284679
05/30/2008,5139,9786,27,289256
05/23/2008,5128,8959,26,294058
05/16/2008,5045,9237,26,302941
05/9/2008,5128,9933,26,308258
05/2/2008,5099,10628,26,308082
04/25/2008,5098,10215,26,302429
04/18/2008,5101,10041,26,298581
04/11/2008,5096,8879,26,296160
04/4/2008,5097,8912,26,298516
03/28/2008,5087,10283,26,301723
03/21/2008,5103,8898,26,294406
03/14/2008,5100,9468,26,294318
03/7/2008,5100,10548,26,294185
02/29/2008,5050,9437,26,287785
02/22/2008,5044,9958,26,290841
02/15/2008,5034,10102,26,287610
02/8/2008,5044,9737,26,283406
02/1/2008,5013,10514,26,282340
01/25/2008,4998,10056,26,275472
01/18/2008,5042,10156,26,271917
01/11/2008,5013,10389,26,269620
01/4/2008,5051,9806,25,265361
12/28/2007,5078,10009,25,271865
12/21/2007,5117,9805,25,275921
12/14/2007,5110,9111,25,279220
12/7/2007,5117,10063,25,286806
11/30/2007,5133,9374,25,287895
11/23/2007,5117,10354,25,295808
11/16/2007,4942,9820,25,296260
11/9/2007,5134,10487,25,297331
11/2/2007,5126,9656,25,294517
10/26/2007,5114,9381,24,295477
10/19/2007,5122,9103,24,299371
10/12/2007,5102,10408,24,304659
10/5/2007,5059,9869,24,302875
09/28/2007,5064,10253,25,304684
09/21/2007,5027,10442,25,303546
09/14/2007,5039,9805,25,301704
09/7/2007,5129,9563,25,305578
08/31/2007,5021,10237,25,312591
08/24/2007,5161,9822,24,316563
08/17/2007,5119,10815,24,320049
08/10/2007,5192,9873,24,318159
08/3/2007,5142,9998,24,323326
07/27/2007,5206,10165,23,327287
07/20/2007,5184,10378,23,333784
07/13/2007,5201,10375,23,334887
07/6/2007,5198,10025,23,335336
06/29/2007,5122,10778,23,336924
06/22/2007,5108,10501,23,333773
06/15/2007,5093,10791,23,332211
06/8/2007,5170,10141,23,325309
06/1/2007,5180,10240,23,325227
05/25/2007,5148,10018,23,325014
05/18/2007,5207,10892,23,326970
05/11/2007,5201,10332,23,325001
05/4/2007,5131,10991,22,323940
04/27/2007,5089,10264,22,318468
04/20/2007,5128,10035,22,317299
04/13/2007,5125,9919,22,315225
04/6/2007,5179,9804,22,316219
03/30/2007,5243,10245,22,315387
03/23/2007,5218,9632,22,311080
03/16/2007,5235,10418,22,311926
03/9/2007,5218,9802,22,308002
03/2/2007,5267,8872,22,306822
02/23/2007,5285,9522,22,311719
02/16/2007,5323,9742,22,310298
02/9/2007,5316,9584,22,306604
02/2/2007,5283,9547,22,307193
01/26/2007,5224,9967,22,307711
01/19/2007,5241,9808,22,305027
01/12/2007,5317,11057,22,304238
01/5/2007,5370,9505,22,297470
12/29/2006,5369,10126,21,303219
12/22/2006,5361,9129,21,304518
12/15/2006,5348,8902,21,312650
12/8/2006,5357,9598,21,318973
12/1/2006,5368,10299,21,323268
11/24/2006,5030,9758,21,324458
11/17/2006,5269,10490,21,324818
11/10/2006,5326,9450,21,319657
11/3/2006,5329,9787,21,318374
10/27/2006,5307,10093,21,317857
10/20/2006,5221,9494,21,315947
10/13/2006,5132,10430,21,319152
10/6/2006,5253,10364,21,314132
09/29/2006,5151,10513,21,312001
09/22/2006,5106,11083,21,308646
09/15/2006,5109,10592,21,308755
09/8/2006,5076,10597,21,311603
09/1/2006,5101,10365,21,314507
08/25/2006,5099,11153,21,316611
08/18/2006,5087,10197,21,314130
08/11/2006,5150,10022,21,314773
08/4/2006,5144,10165,21,316380
07/28/2006,4940,10431,22,317566
07/21/2006,5141,10507,22,319340
07/14/2006,5265,10701,22,319310
07/7/2006,5275,9619,22,319159
06/30/2006,5129,10539,22,325089
06/23/2006,5162,10546,21,327510
06/16/2006,5198,10994,21,330839
06/9/2006,5211,10547,21,329454
06/2/2006,5097,10881,21,330434
05/26/2006,5088,10842,21,329151
05/19/2006,5093,9557,21,327552
05/12/2006,5069,10383,21,330550
05/5/2006,5128,10007,21,330615
04/28/2006,5122,9811,22,330289
04/21/2006,5127,9864,22,328562
04/14/2006,5125,9665,22,328788
04/7/2006,5053,9539,22,329594
03/31/2006,5024,9953,22,326442
03/24/2006,5016,10100,21,324332
03/17/2006,5027,9331,21,322302
03/10/2006,5154,9940,21,323612
03/3/2006,5054,10145,21,318776
02/24/2006,4985,9878,21,312135
02/17/2006,4997,9959,21,310497
02/10/2006,5003,10264,21,309376
02/3/2006,4903,9860,21,304523
01/27/2006,4862,9596,21,304935
01/20/2006,5119,9257,20,303016
01/13/2006,5110,9846,20,305325
01/6/2006,5023,9870,20,302584
12/30/2005,4864,10058,20,305527
12/23/2005,4891,10189,20,306540
12/16/2005,4890,9859,20,306422
12/9/2005,4933,10429,20,305122
12/2/2005,5021,10579,20,304230
11/25/2005,4765,9693,20,301443
11/18/2005,4579,10219,20,305631
11/11/2005,4583,9700,20,305277
11/4/2005,4306,10584,20,307436
10/28/2005,4068,10060,20,303027
10/21/2005,4108,9957,20,300293
10/14/2005,4147,9207,20,295879
10/7/2005,3901,8619,20,290324
09/30/2005,3813,8119,19,289398
09/23/2005,4348,9693,19,289644
09/16/2005,4500,9832,19,292056
09/9/2005,4268,9128,19,292378
09/2/2005,4360,9531,19,298938
08/26/2005,5427,10463,19,305363
08/19/2005,5395,10577,19,306883
08/12/2005,5359,10305,19,305031
08/5/2005,5417,11057,19,304790
07/29/2005,5149,10956,19,302036
07/22/2005,5448,9940,19,301840
07/15/2005,4758,10825,19,304085
07/8/2005,5463,9954,19,304985
07/1/2005,5498,10219,19,308884
06/24/2005,5359,10971,17,312453
06/17/2005,5541,10177,17,311349
06/10/2005,5542,10617,17,312928
06/3/2005,5515,10220,17,314711
05/27/2005,5537,10698,20,317706
05/20/2005,5539,10311,20,316218
05/13/2005,5521,10859,20,317905
05/6/2005,5510,9992,17,313562
04/29/2005,5423,10259,10,311127
04/22/2005,5415,10863,10,308447
04/15/2005,5441,9718,10,303032
04/8/2005,5428,9863,10,304805
04/1/2005,5504,9890,10,301151
03/25/2005,5496,10568,10,298349
03/18/2005,5480,10270,10,292966
03/11/2005,5504,10041,10,288869
03/4/2005,5489,10099,17,286276
02/25/2005,5492,10065,10,283301
02/18/2005,5436,9643,10,280906
02/11/2005,5427,10434,10,280298
02/4/2005,5421,9914,10,278156
01/28/2005,5437,9886,10,279566
01/21/2005,5456,10458,10,279890
01/14/2005,5417,10120,10,276461
01/7/2005,5430,9973,10,273060
12/31/2004,5430,9775,10,275442
12/24/2004,5421,9863,10,278661
12/17/2004,5461,10545,10,279520
12/10/2004,5439,10366,10,277396
12/3/2004,5396,10864,10,277522
11/26/2004,5408,10056,10,276981
11/19/2004,5395,10189,10,276132
11/12/2004,5391,10229,16,276047
11/5/2004,5319,10495,16,275232
10/29/2004,5176,10676,17,273529
10/22/2004,5110,10317,17,267257
10/15/2004,5090,10097,17,263313
10/8/2004,5033,10054,17,262115
10/1/2004,4656,10180,10,257912
09/24/2004,4946,9886,10,257031
09/17/2004,5087,8426,10,253630
09/10/2004,5337,9914,10,262742
09/3/2004,5360,10711,10,269754
08/27/2004,5401,10280,10,271284
08/20/2004,5113,10549,10,275516
08/13/2004,5243,10407,16,277216
08/6/2004,5414,9524,16,278427
07/30/2004,5367,10351,10,282564
07/23/2004,5446,11324,10,284379
07/16/2004,5334,9901,10,283207
07/9/2004,5485,10054,10,286780
07/2/2004,5404,10138,10,288952
06/25/2004,5394,10591,10,288862
06/18/2004,5434,10188,10,289366
06/11/2004,5411,10271,10,286951
06/4/2004,5452,10483,10,286099
05/28/2004,5460,10703,10,285384
05/21/2004,5608,10493,10,282605
05/14/2004,5611,9939,17,282580
05/7/2004,5626,9926,17,283676
04/30/2004,5624,9791,10,282748
04/23/2004,5618,10469,10,282653
04/16/2004,5588,9676,10,279474
04/9/2004,5611,9461,10,279266
04/2/2004,5661,9757,10,276118
03/26/2004,5658,10077,10,277539
03/19/2004,5657,10108,10,271841
03/12/2004,5658,9498,10,264309
03/5/2004,5675,9788,10,262729
02/27/2004,5661,9837,10,259092
02/20/2004,5622,9007,10,257092
02/13/2004,5658,10160,10,257092
02/6/2004,5703,8447,10,252192
01/30/2004,5710,10488,10,255245
01/23/2004,5709,8634,10,247323
01/16/2004,5717,9803,10,248839
01/9/2004,5705,9214,10,247627
01/2/2004,5664,9759,10,252611
12/26/2003,5658,9438,10,254466
12/19/2003,5663,9515,10,258243
12/12/2003,5592,9140,10,256598
12/5/2003,5597,9531,10,261722
11/28/2003,5709,9128,10,267167
11/21/2003,5683,9151,10,271996
11/14/2003,5692,10354,10,276885
11/7/2003,5596,9948,10,273975
10/31/2003,5550,10176,10,274914
10/24/2003,5614,10159,10,274865
10/17/2003,5605,9513,10,271225
10/10/2003,5559,10019,10,273020
10/3/2003,5678,9852,10,269223
09/26/2003,5734,9513,10,264376
09/19/2003,5739,10299,10,264423
09/12/2003,5703,10759,10,262933
09/5/2003,5727,9648,22,259784
08/29/2003,5723,10126,22,264253
08/22/2003,5736,10246,10,262492
08/15/2003,5750,9868,10,262676
08/8/2003,5747,9970,10,264262
08/1/2003,5738,10294,10,264082
07/25/2003,5699,10084,10,260944
07/18/2003,5777,9441,10,259850
07/11/2003,5770,9732,10,262189
07/4/2003,5815,9599,10,265819
06/27/2003,5867,9466,10,265963
06/20/2003,5900,9332,10,268079
06/13/2003,5860,10302,10,272224
06/6/2003,5803,9884,10,268240
05/30/2003,5837,10521,10,272931
05/23/2003,5813,10041,10,270067
05/16/2003,5807,10073,10,269040
05/9/2003,5855,9334,10,268376
05/2/2003,5829,9856,10,271099
04/25/2003,5766,9669,10,271549
04/18/2003,5772,10614,10,269727
04/11/2003,5801,9405,10,260756
04/4/2003,5866,8917,10,260624
03/28/2003,5906,10361,10,264122
03/21/2003,5906,9655,10,257389
03/14/2003,5886,8693,10,253684
03/7/2003,5872,7621,10,253212
02/28/2003,5901,8679,10,257500
02/21/2003,5898,8325,10,255803
02/14/2003,5906,8762,10,256837
02/7/2003,5899,7197,10,253779
01/31/2003,5764,8379,10,258100
01/24/2003,5739,8678,10,257156
01/17/2003,5702,8745,10,257664
01/10/2003,5728,8489,10,256079
01/3/2003,5752,8289,10,262508
12/27/2002,5749,7631,10,262089
12/20/2002,5758,9145,10,271215
12/13/2002,5752,9413,10,270500
12/6/2002,5763,9882,10,272561
11/29/2002,5740,9503,10,271138
11/22/2002,5754,8957,10,268062
11/15/2002,5738,10159,10,271961
11/8/2002,5349,9177,10,267506
11/1/2002,5711,9099,10,274396
10/25/2002,5714,9015,10,270914
10/18/2002,5721,9992,30,270000
10/11/2002,5490,9502,30,263223
10/4/2002,4803,8191,30,254248
09/27/2002,5190,8509,29,258896
09/20/2002,5736,8953,29,268878
09/13/2002,5716,8665,29,271470
09/6/2002,5773,8339,29,276874
08/30/2002,5883,9233,29,281926
08/23/2002,5918,9200,30,286554
08/16/2002,5907,9398,30,286290
08/9/2002,5858,9193,30,283437
08/2/2002,5604,8686,30,290642
07/26/2002,5844,9168,30,292722
07/19/2002,5839,9226,30,294699
07/12/2002,5885,9163,30,298381
07/5/2002,5898,8417,30,300361
06/28/2002,5917,9591,30,304766
06/21/2002,5939,9030,30,303193
06/14/2002,5910,9218,30,306632
06/7/2002,5897,8730,30,307115
05/31/2002,5896,9165,30,308297
05/24/2002,5890,8844,32,302265
05/17/2002,5894,9101,32,303801
05/10/2002,5889,8765,32,299171
05/3/2002,5879,9160,32,303358
04/26/2002,5865,9409,33,309034
04/19/2002,5896,9133,33,304462
04/12/2002,5922,8265,33,302876
04/5/2002,5916,8849,33,308541
03/29/2002,5956,9127,33,308278
03/22/2002,5948,7858,33,302253
03/15/2002,5975,8448,33,306697
03/8/2002,5947,8160,33,304089
03/1/2002,5966,8201,33,303756
02/22/2002,5956,8095,33,299422
02/15/2002,5927,8034,33,301890
02/8/2002,5952,9293,33,304998
02/1/2002,5916,8595,33,302497
01/25/2002,5909,8589,34,300289
01/18/2002,5911,9187,34,298183
01/11/2002,5922,8517,34,295434
01/4/2002,5922,8662,34,294406
12/28/2001,5902,8167,35,293607
12/21/2001,5911,8692,35,295777
12/14/2001,5884,8807,35,293164
12/7/2001,5856,9001,35,292803
11/30/2001,5873,9891,35,295140
11/23/2001,5882,8217,30,290885
11/16/2001,5872,8909,30,294065
11/9/2001,5863,9669,30,295285
11/2/2001,5859,9350,30,295552
10/26/2001,5879,9443,91,291538
10/19/2001,5828,9361,91,289082
10/12/2001,5515,8636,91,286259
10/5/2001,5736,9556,91,290699
09/28/2001,5735,8988,93,290827
09/21/2001,5789,8778,93,289215
09/14/2001,5814,8677,93,286029
09/7/2001,5829,9107,93,286655
08/31/2001,5751,8258,93,285694
08/24/2001,5796,9400,95,287648
08/17/2001,5785,8572,95,284951
08/10/2001,5773,8516,95,288954
08/3/2001,5745,8683,95,291804
07/27/2001,5705,8893,94,298463
07/20/2001,5731,9651,94,299513
07/13/2001,5770,9986,94,298133
07/6/2001,5756,9262,94,291112
06/29/2001,5756,9573,96,294220
06/22/2001,5740,9076,96,298973
06/15/2001,5726,8709,96,298981
06/8/2001,5746,8694,96,299709
06/1/2001,5823,9846,96,307913
05/25/2001,5819,8951,97,306411
05/18/2001,5785,10241,97,308153
05/11/2001,5780,9330,97,304811
05/4/2001,5831,9709,97,302335
04/27/2001,5884,10324,97,301717
04/20/2001,5861,9415,98,295392
04/13/2001,5855,9864,98,296817
04/6/2001,5867,9480,98,290606
03/30/2001,5883,9228,98,286795
03/23/2001,5868,9882,99,285110
03/16/2001,5883,9331,99,273922
03/9/2001,5868,10277,99,268920
03/2/2001,5876,8654,101,260949
02/23/2001,5875,9041,101,263661
02/16/2001,5857,7689,101,260782
02/9/2001,5866,9056,101,272662
02/2/2001,5929,9217,101,269298
01/26/2001,5935,8751,103,266382
01/19/2001,5912,7806,103,269952
01/12/2001,5949,8508,103,271062
01/5/2001,5944,9362,103,272072
12/29/2000,5903,8877,104,272771
12/22/2000,5875,8637,104,274608
12/15/2000,5897,9445,104,275859
12/8/2000,5903,8810,104,272826
12/1/2000,5925,8712,104,276195
11/24/2000,5883,7916,105,274177
11/17/2000,5854,8853,105,274255
11/10/2000,5889,8561,105,268091
11/3/2000,5903,9328,105,266594
10/27/2000,5894,9320,105,268151
10/20/2000,5880,9631,105,269640
10/13/2000,5864,8983,105,267235
10/6/2000,5867,9139,105,271752
09/29/2000,5862,8990,107,270873
09/22/2000,5680,9464,107,269781
09/15/2000,5803,9034,107,270282
09/8/2000,5802,9497,107,272764
09/1/2000,5783,9671,107,273691
08/25/2000,5782,9296,108,270948
08/18/2000,5773,9318,108,268901
08/11/2000,5745,9696,108,273059
08/4/2000,5778,9429,108,269659
07/28/2000,5764,8784,109,268121
07/21/2000,5769,9983,109,278674
07/14/2000,5788,9341,109,278400
07/7/2000,5766,9824,109,278885
06/30/2000,5732,8939,109,277611
06/23/2000,5726,9374,110,279405
06/16/2000,5791,9477,110,279078
06/9/2000,5804,8846,110,283639
06/2/2000,5704,8660,110,285075
05/26/2000,5784,8672,108,289205
05/19/2000,5793,9341,108,293806
05/12/2000,5757,8908,108,292857
05/5/2000,5798,9353,108,292607
04/28/2000,5838,8701,109,288071
04/21/2000,5836,9708,109,291335
04/14/2000,5840,9124,109,286265
04/7/2000,5820,9205,109,280771
03/31/2000,5873,9282,108,277924
03/24/2000,5863,8043,108,276422
03/17/2000,5859,8628,108,276572
03/10/2000,5857,7953,108,274933
03/3/2000,5974,8818,108,274502
02/25/2000,6007,7684,108,269816
02/18/2000,5989,8265,108,269487
02/11/2000,5994,8198,108,269796
02/4/2000,6011,8416,108,269982
01/28/2000,5988,6746,108,266614
01/21/2000,6013,8448,108,275032
01/14/2000,6019,7396,108,277464
01/7/2000,6000,8508,108,277549
12/31/1999,6043,8054,110,274626
12/24/1999,6058,8310,110,276345
12/17/1999,6043,8147,110,276646
12/10/1999,6057,7548,110,277477
12/3/1999,6087,8827,110,283063
11/26/1999,6006,7450,110,283338
11/19/1999,6059,8227,110,287692
11/12/1999,6128,8362,110,290755
11/5/1999,6134,8381,109,288955
10/29/1999,6111,8763,109,288599
10/22/1999,6101,8115,109,284878
10/15/1999,6090,8832,109,284609
10/8/1999,6082,7727,109,281186
10/1/1999,6032,8678,109,288395
09/24/1999,5973,8474,109,288862
09/17/1999,5692,8809,109,293119
09/10/1999,5917,8245,109,292930
09/3/1999,6014,8305,108,297212
08/27/1999,5994,9138,108,301653
08/20/1999,5970,9053,108,301091
08/13/1999,5950,8633,108,305616
08/6/1999,5925,8578,108,307249
07/30/1999,5898,9228,109,309516
07/23/1999,5927,9483,109,312916
07/16/1999,5952,9000,109,318092
07/9/1999,5808,8669,109,317718
07/2/1999,5662,9248,109,314030
06/25/1999,5884,7958,105,314225
06/18/1999,5926,9164,105,315949
06/11/1999,5868,8759,105,318672
06/4/1999,5864,8406,105,316858
05/28/1999,5845,9081,104,314722
05/21/1999,5857,8638,104,315769
05/14/1999,5804,9017,104,318092
05/7/1999,5835,8439,104,317539
04/30/1999,5877,8206,104,320145
04/23/1999,5707,8273,104,322286
04/16/1999,5849,8983,104,325729
04/9/1999,5740,8630,104,328885
04/2/1999,5879,8364,104,326768
03/26/1999,5864,9085,104,328539
03/19/1999,5894,7874,104,324736
03/12/1999,5895,9044,104,321929
03/5/1999,5920,8653,104,318266
02/26/1999,5911,8949,104,315274
02/19/1999,5899,8780,104,318431
02/12/1999,6052,8255,104,315393
02/5/1999,6369,8405,104,317131
01/29/1999,6363,8559,104,316730
01/22/1999,6352,8458,104,314148
01/15/1999,6373,8944,104,310975
01/8/1999,6393,8488,104,308268
01/1/1999,6342,7569,104,305728
12/25/1998,6437,8982,104,320706
12/18/1998,6449,8794,104,323364
12/11/1998,6390,9152,104,321884
12/4/1998,6390,9233,104,318465
11/27/1998,6401,7976,105,319986
11/20/1998,6399,9501,105,325554
11/13/1998,6401,7770,105,320397
11/6/1998,6398,8920,105,322932
10/30/1998,6417,8201,105,323739
10/23/1998,6442,8176,105,319964
10/16/1998,6418,8158,105,316227
10/9/1998,6368,8663,105,312682
10/2/1998,5950,8222,105,305893
09/25/1998,6396,9114,104,303433
09/18/1998,6411,7476,104,300336
09/11/1998,6366,8631,104,309675
09/4/1998,6349,8487,104,312057
08/28/1998,6346,9379,106,320694
08/21/1998,6315,8993,106,321012
08/14/1998,6319,9958,106,327887
08/7/1998,6336,9345,106,328423
07/31/1998,6340,9369,106,327478
07/24/1998,6354,9264,105,326795
07/17/1998,6351,9209,105,322966
07/10/1998,6354,9250,105,317425
07/3/1998,6311,7704,105,324057
06/26/1998,6269,10018,104,326843
06/19/1998,6383,8193,104,325182
06/12/1998,6372,8875,104,326836
06/5/1998,6333,9806,104,329534
05/29/1998,6346,8738,104,330394
05/22/1998,6368,7959,104,334682
05/15/1998,6378,8504,104,337928
05/8/1998,6422,8612,104,326705
05/1/1998,6422,8312,104,327368
04/24/1998,6397,7978,104,325209
04/17/1998,6417,10168,104,324906
04/10/1998,6407,8347,104,319899
04/3/1998,6443,8117,104,314569
03/27/1998,6405,9213,102,313200
03/20/1998,6336,8178,102,311606
03/13/1998,6420,7683,102,305137
03/6/1998,6440,7726,102,307194
02/27/1998,6368,7170,102,307969
02/20/1998,6415,6580,102,309568
02/13/1998,6424,8242,102,306685
02/6/1998,6412,8323,102,304983
01/30/1998,6377,7448,103,304961
01/23/1998,6359,8114,103,305583
01/16/1998,6376,8960,103,299897
01/9/1998,6430,8733,103,288685
01/2/1998,6459,7241,102,289764
12/26/1997,6462,6987,102,296230
12/19/1997,6463,8175,102,299482
12/12/1997,6440,7140,102,303451
12/5/1997,6448,8007,102,300911
11/28/1997,6416,8391,101,305669
11/21/1997,6390,7608,101,302849
11/14/1997,6385,9475,101,299075
11/7/1997,6418,7529,101,293789
10/31/1997,6400,7994,101,295098
10/24/1997,6407,7633,102,289079
10/17/1997,6408,8017,102,284474
10/10/1997,6371,8221,102,287772
10/3/1997,6375,9625,102,289944
09/26/1997,6396,8687,102,285157
09/19/1997,6366,8564,101,283839
09/12/1997,6393,9311,101,287722
09/5/1997,6362,7705,101,283928
08/29/1997,6400,8101,102,290026
08/22/1997,6387,8367,102,291628
08/15/1997,6221,8828,102,296882
08/8/1997,6127,8882,102,296258
08/1/1997,6360,7620,102,291120
07/25/1997,6337,8269,102,291884
07/18/1997,6352,8375,102,301774
07/11/1997,6351,7684,102,303759
07/4/1997,6338,8577,102,306218
06/27/1997,6357,8097,102,301399
06/20/1997,6334,7213,102,307126
06/13/1997,6415,9567,102,307589
06/6/1997,6435,8899,102,308845
05/30/1997,6439,8267,102,309261
05/23/1997,6423,8187,102,305059
05/16/1997,6426,7505,102,301845
05/9/1997,6430,7796,102,307280
05/2/1997,6409,8203,102,300885
04/25/1997,6465,7853,99,300941
04/18/1997,6412,8418,99,298115
04/11/1997,6433,7782,99,296665
04/4/1997,6493,8006,99,294041
03/28/1997,6409,7870,99,293843
03/21/1997,6391,7135,98,287497
03/14/1997,6449,7753,98,288585
03/7/1997,6440,7742,98,288475
02/28/1997,6501,7331,98,283145
02/21/1997,6496,7403,99,288568
02/14/1997,6502,6905,99,288732
02/7/1997,6483,8316,235,284247
01/31/1997,6505,7113,99,280898
01/24/1997,6513,8144,398,274863
01/17/1997,6476,7417,212,271491
01/10/1997,6499,7396,284,272956
01/3/1997,6454,6021,98,267904
12/27/1996,6506,7730,97,276127
12/20/1996,6523,7150,211,273685
12/13/1996,6518,7848,283,279788
12/6/1996,6534,8491,97,282735
11/29/1996,6538,6143,96,283728
11/22/1996,6512,7150,210,283501
11/15/1996,6531,6952,282,288297
11/8/1996,6541,8481,210,290762
11/1/1996,6513,6881,96,295892
10/25/1996,6514,8468,396,285642
10/18/1996,6523,8736,97,288701
10/11/1996,6485,7654,97,282960
10/4/1996,6485,8177,97,286261
09/27/1996,6520,6280,197,286638
09/20/1996,6467,7483,97,291751
09/13/1996,6498,7801,97,290575
09/6/1996,6497,7563,211,292562
08/30/1996,6526,7304,97,295650
08/23/1996,6481,7969,96,300715
08/16/1996,6445,9060,96,291014
08/9/1996,6286,8044,96,289134
08/2/1996,6297,8143,282,290295
07/26/1996,6394,7683,96,292972
07/19/1996,6345,7870,98,291857
07/12/1996,6499,7601,98,295695
07/5/1996,6499,7860,98,298222
06/28/1996,6489,8366,98,296562
06/21/1996,6452,7587,98,289709
06/14/1996,6515,8676,98,288853
06/7/1996,6421,7524,284,291863
05/31/1996,6392,8116,98,293515
05/24/1996,6412,6865,98,281578
05/17/1996,6363,7564,99,280450
05/10/1996,6065,8578,99,284902
05/3/1996,6454,7223,99,286604
04/26/1996,6173,7852,100,279424
04/19/1996,6425,7231,100,279794
04/12/1996,6390,7535,100,283823
04/5/1996,6441,7360,100,282424
03/29/1996,6440,7396,91,280124
03/22/1996,6473,6598,91,282187
03/15/1996,6490,6923,91,283404
03/8/1996,6461,6986,91,288673
03/1/1996,6496,6235,88,280448
02/23/1996,6501,5543,88,283723
02/16/1996,6511,7504,88,283380
02/9/1996,6505,6427,88,286440
02/2/1996,6413,7002,87,288674
01/26/1996,6405,6937,87,291084
01/19/1996,6516,7240,87,292829
01/12/1996,6498,7504,87,288551
01/5/1996,6464,6926,87,285623
12/29/1995,6474,6963,90,284591
12/22/1995,6467,6192,90,294817
12/15/1995,6411,6990,90,300674
12/8/1995,6428,8066,90,294812
12/1/1995,6450,7182,91,299072
11/24/1995,6484,7560,92,302184
11/17/1995,6493,8060,92,296105
11/10/1995,6516,7695,92,286496
11/3/1995,6539,6530,92,288122
10/27/1995,6512,6986,84,284831
10/20/1995,6497,7568,88,283307
10/13/1995,6404,7416,88,281131
10/6/1995,6215,6129,88,281156
09/29/1995,6450,7546,85,285540
09/22/1995,6414,7195,81,290595
09/15/1995,6248,8227,81,291145
09/8/1995,6491,8563,81,292052
09/1/1995,6507,6522,83,296654
08/25/1995,6483,7402,78,289233
08/18/1995,6475,7781,78,286280
08/11/1995,6476,8483,78,293670
08/4/1995,6444,7439,78,291165
07/28/1995,6484,7390,81,298034
07/21/1995,6417,6733,81,295085
07/14/1995,6448,7884,81,301968
07/7/1995,6518,6455,81,301985
06/30/1995,6545,7948,92,303160
06/23/1995,6529,6503,91,299434
06/16/1995,6560,9337,91,306901
06/9/1995,6593,7037,91,307390
06/2/1995,6592,7419,91,307943
05/26/1995,6626,6871,95,310099
05/19/1995,6598,7597,98,313118
05/12/1995,6610,7709,98,317267
05/5/1995,6604,5800,98,316444
04/28/1995,6539,8139,99,318365
04/21/1995,6603,8199,99,322472
04/14/1995,6597,6191,99,319450
04/7/1995,6554,6723,99,318266
03/31/1995,6380,8135,102,321069
03/24/1995,6474,6088,102,313308
03/17/1995,6632,6696,102,309258
03/10/1995,6598,8029,102,308719
03/3/1995,6660,6104,102,308234
02/24/1995,6546,5781,101,305268
02/17/1995,6613,6489,101,310839
02/10/1995,6595,7901,101,303476
02/3/1995,6662,5795,101,309810
01/27/1995,6526,6465,101,306583
01/20/1995,6571,6521,100,306864
01/13/1995,6672,6442,100,313278
01/6/1995,6651,7136,100,314560
12/30/1994,6675,7334,99,312846
12/23/1994,6703,6566,98,320236
12/16/1994,6655,7222,98,319550
12/9/1994,6670,7030,98,320205
12/2/1994,6472,6224,98,321693
11/25/1994,6626,7161,101,321739
11/18/1994,6668,7398,101,324211
11/11/1994,6616,7601,101,327189
11/4/1994,6620,6564,101,327917
10/28/1994,6633,6893,102,328905
10/21/1994,6703,7018,103,319570
10/14/1994,6703,6961,103,321399
10/7/1994,6692,7208,103,316959
09/30/1994,6640,8059,103,317891
09/23/1994,6595,6745,102,314620
09/16/1994,6526,8414,102,308725
09/9/1994,6545,7124,102,307270
09/2/1994,6552,8544,102,307532
08/26/1994,6583,6987,103,307717
08/19/1994,6540,7549,101,310161
08/12/1994,6521,8256,101,312998
08/5/1994,6582,6427,101,309883
07/29/1994,6566,8155,99,312403
07/22/1994,6522,7183,99,318255
07/15/1994,6618,8550,99,314998
07/8/1994,6591,7878,99,311816
07/1/1994,6604,7124,101,311642
06/24/1994,6656,8027,100,310699
06/17/1994,6648,8890,100,307220
06/10/1994,6530,7134,100,308787
06/3/1994,6695,7382,100,311596
05/27/1994,6629,6674,102,316080
05/20/1994,6732,6627,102,317174
05/13/1994,6657,7347,102,315520
05/6/1994,6706,7657,102,316458
04/29/1994,6748,7303,102,322151
04/22/1994,6292,7763,101,321241
04/15/1994,6711,6495,101,321163
04/8/1994,6641,6881,101,319232
04/1/1994,6683,6731,101,318717
03/25/1994,6599,5646,103,318641
03/18/1994,6728,7598,103,323772
03/11/1994,6704,5696,103,311869
03/4/1994,6763,6095,103,316945
02/25/1994,6792,5954,103,309328
02/18/1994,6546,6429,107,316510
02/11/1994,6802,5978,107,313482
02/4/1994,6836,7067,107,317837
01/28/1994,6886,5877,103,314011
01/21/1994,6845,5618,105,310921
01/14/1994,6880,6037,105,316399
01/7/1994,6875,6598,105,316593
12/31/1993,6857,6758,115,323542
12/24/1993,6854,5727,115,330079
12/17/1993,6897,6635,119,330247
12/10/1993,6923,7249,119,327837
12/3/1993,6943,7748,119,321509
11/26/1993,6878,5620,114,316131
11/19/1993,6847,6624,114,314738
11/12/1993,6882,7942,114,320250
11/5/1993,6872,5648,114,315239
10/29/1993,6868,7180,100,318584
10/22/1993,6837,6639,100,316800
10/15/1993,6772,7513,100,309375
10/8/1993,6654,6763,100,314249
10/1/1993,6684,6264,107,309991
09/24/1993,6650,6429,107,312084
09/17/1993,6706,6469,107,321610
09/10/1993,6665,6186,107,321821
09/3/1993,6734,6429,107,320499
08/27/1993,6790,7698,112,326782
08/20/1993,6774,5974,108,325426
08/13/1993,6761,6277,108,330153
08/6/1993,6753,6784,108,334659
07/30/1993,6730,6369,107,333639
07/23/1993,6540,5510,104,338056
07/16/1993,6643,8226,104,343583
07/9/1993,6772,6629,104,335417
07/2/1993,6742,6121,104,331995
06/25/1993,6749,6658,103,340315
06/18/1993,6766,7764,110,334025
06/11/1993,6817,7341,110,324772
06/4/1993,6789,5807,110,332686
05/28/1993,6842,6651,109,334383
05/21/1993,6818,6618,109,338201
05/14/1993,6846,6974,109,335087
05/7/1993,6902,6495,109,329635
04/30/1993,6913,7731,111,328945
04/23/1993,6912,6804,108,326248
04/16/1993,6896,6406,108,325153
04/9/1993,6883,7369,108,334413
04/2/1993,6971,5512,108,322889
03/26/1993,6964,7064,109,322220
03/19/1993,6979,5549,109,314322
03/12/1993,6981,7382,109,327504
03/5/1993,7018,5636,109,321897
02/26/1993,6981,6801,110,315969
02/19/1993,6960,5511,119,308086
02/12/1993,7033,6294,119,318408
02/5/1993,7031,6419,119,311717
01/29/1993,7035,6782,114,308108
01/22/1993,7043,6216,114,306106
01/15/1993,6994,6171,114,307272
01/8/1993,7015,7060,114,299341
01/1/1993,6995,5650,121,301973
12/25/1992,7053,5277,121,301053
12/18/1992,7098,6411,121,312842
12/11/1992,7087,6681,121,313161
12/4/1992,7074,6242,121,307589
11/27/1992,7064,6141,111,308640
11/20/1992,6987,6593,111,307093
11/13/1992,6954,5633,111,301537
11/6/1992,7011,6327,111,308578
10/30/1992,7041,6835,115,314967
10/23/1992,7036,5929,115,311561
10/16/1992,7032,8161,119,310536
10/9/1992,7011,6443,119,308292
10/2/1992,7046,6025,119,309071
09/25/1992,7049,5972,117,306213
09/18/1992,7012,6639,116,310947
09/11/1992,6955,6337,116,310111
09/4/1992,6847,5700,116,310794
08/28/1992,6678,6148,105,308645
08/21/1992,7120,6263,106,316097
08/14/1992,6990,7644,106,311493
08/7/1992,7124,6002,106,312486
07/31/1992,7059,6505,117,314258
07/24/1992,7095,6708,117,308467
07/17/1992,7144,6560,120,308493
07/10/1992,7125,7504,120,314858
07/3/1992,7221,5559,120,312195
06/26/1992,7194,5382,108,313189
06/19/1992,7218,6183,108,324093
06/12/1992,7228,6238,108,330394
06/5/1992,7240,5936,108,329598
05/29/1992,7219,5685,126,328776
05/22/1992,7205,7003,126,331422
05/15/1992,7160,5635,126,336011
05/8/1992,7248,6114,126,334716
05/1/1992,7235,5546,127,335376
04/24/1992,7238,5597,127,333922
04/17/1992,7353,5999,137,333120
04/10/1992,7277,6782,137,330314
04/3/1992,7327,5512,137,321859
03/27/1992,7283,5155,138,325460
03/20/1992,7324,5625,144,330980
03/13/1992,7345,5429,144,327449
03/6/1992,7357,5149,144,332894
02/28/1992,7365,6240,137,326596
02/21/1992,7329,4278,145,319575
02/14/1992,7364,6287,145,316400
02/7/1992,7382,4308,145,318207
01/31/1992,7357,5819,129,318393
01/24/1992,7343,5252,129,322809
01/17/1992,7235,5962,130,317138
01/10/1992,7410,6778,130,318314
01/3/1992,7422,4437,130,314823
12/27/1991,7449,5614,117,308857
12/20/1991,7451,5403,120,318937
12/13/1991,6731,6094,120,323089
12/6/1991,7376,6738,120,329127
11/29/1991,7226,4403,140,324131
11/22/1991,7388,5927,139,329588
11/15/1991,7426,5983,139,335596
11/8/1991,7140,5877,139,330460
11/1/1991,7359,5025,139,326645
10/25/1991,7384,5785,139,332763
10/18/1991,7381,5849,145,323942
10/11/1991,7387,5587,145,326402
10/4/1991,7381,4814,145,323069
09/27/1991,7365,6521,73,324157
09/20/1991,7327,6676,73,319450
09/13/1991,7267,5818,73,319319
09/6/1991,7150,6513,73,325886
08/30/1991,7274,6143,126,335646
08/23/1991,7215,6431,126,333744
08/16/1991,7302,7270,126,328440
08/9/1991,7228,6690,126,330373
08/2/1991,7342,5780,126,328659
07/26/1991,7355,5773,115,327970
07/19/1991,7348,6589,115,331739
07/12/1991,7365,5984,115,333524
07/5/1991,7383,4904,115,334579
06/28/1991,7377,7128,156,333376
06/21/1991,7338,5937,156,336429
06/14/1991,7359,6093,156,337807
06/7/1991,7301,6958,156,337008
05/31/1991,7323,6633,127,336202
05/24/1991,7336,6177,127,329325
05/17/1991,7280,5895,127,329898
05/10/1991,7303,6471,127,323906
05/3/1991,7295,5294,127,324141
04/26/1991,7346,5418,122,328220
04/19/1991,7370,4663,122,322676
04/12/1991,7334,6290,122,325762
04/5/1991,7356,5454,122,321264
03/29/1991,7383,5279,167,326275
03/22/1991,7385,5388,167,321538
03/15/1991,7412,4912,167,320665
03/8/1991,7394,5430,167,314290
03/1/1991,7404,4983,242,315962
02/22/1991,7415,4934,242,316183
02/15/1991,7427,5527,138,317278
02/8/1991,7463,5542,138,311359
02/1/1991,7477,6212,,310149
01/25/1991,7219,5122,,307043
01/18/1991,7461,5053,,307051
01/11/1991,7475,4866,,308440
01/4/1991,7481,5536,,307542
12/28/1990,7559,4468,,315920
12/21/1990,7245,5445,,321992
12/14/1990,7474,5236,,320154
12/7/1990,6996,5007,,321412
11/30/1990,7235,4532,,326855
11/23/1990,7440,5610,,324268
11/16/1990,6910,5637,,327293
11/9/1990,7284,4419,,333036
11/2/1990,7342,4917,,331392
10/26/1990,7329,5129,,327234
10/19/1990,7261,4855,,325992
10/12/1990,7261,5170,,328752
10/5/1990,7261,5161,,336271
09/28/1990,7041,5254,,338384
09/21/1990,7041,6214,,348211
09/14/1990,6991,5809,,353936
09/7/1990,6991,6838,,359583
08/31/1990,6971,7029,,356710
08/24/1990,6971,6778,,361957
08/17/1990,6971,7218,,360333
08/10/1990,6971,5828,,360003
08/3/1990,6971,6705,,364848
07/27/1990,7130,7312,,372593
07/20/1990,7130,7341,,368024
07/13/1990,7130,7067,,370201
07/6/1990,7130,6309,,365658
06/29/1990,6981,5862,,368708
06/22/1990,6981,7594,,367704
06/15/1990,6981,7484,,367001
06/8/1990,6981,6181,,367486
06/1/1990,7241,6407,,365618
05/25/1990,7241,6847,,362719
05/18/1990,7241,6050,,361994
05/11/1990,7241,6263,,358198
05/4/1990,7241,6286,,353485
04/27/1990,7310,6732,,353507
04/20/1990,7310,5715,,349299
04/13/1990,7310,6056,,350859
04/6/1990,7310,6370,,349942
03/30/1990,7411,6021,,342865
03/23/1990,7411,6315,,339931
03/16/1990,7411,6129,,330696
03/9/1990,7411,6305,,332142
03/2/1990,7411,6107,,325816
02/23/1990,7399,5968,,322293
02/16/1990,7399,5479,,326869
02/9/1990,7399,5535,,329316
02/2/1990,7399,6761,,334128
01/26/1990,7512,6144,,324123
01/19/1990,7512,6463,,326173
01/12/1990,7512,6644,,327819
01/5/1990,7512,5654,,324222
12/29/1989,7565,,,324280
12/22/1989,7565,,,325360
12/15/1989,7565,,,328006
12/8/1989,7565,,,323052
12/1/1989,7601,,,332385
11/24/1989,7601,,,324125
11/17/1989,7601,,,327780
11/10/1989,7601,,,327954
11/3/1989,7601,,,320398
10/27/1989,7644,,,322286
10/20/1989,7644,,,317150
10/13/1989,7644,,,323920
10/6/1989,7644,,,318394
09/29/1989,7641,,,313121
09/22/1989,7641,,,310542
09/15/1989,7641,,,309387
09/8/1989,7641,,,320241
09/1/1989,7662,,,317963
08/25/1989,7662,,,318038
08/18/1989,7662,,,319131
08/11/1989,7662,,,310165
08/4/1989,7662,,,313202
07/28/1989,7622,,,313680
07/21/1989,7622,,,312422
07/14/1989,7622,,,313424
07/7/1989,7622,,,315749
06/30/1989,7726,,,315455
06/23/1989,7726,,,322738
06/16/1989,7726,,,319223
06/9/1989,7726,,,321641
06/2/1989,7726,,,324887
05/26/1989,7843,,,320489
05/19/1989,7843,,,322400
05/12/1989,7843,,,328885
05/5/1989,7843,,,327039
04/28/1989,7880,,,316567
04/21/1989,7880,,,312478
04/14/1989,7880,,,302086
04/7/1989,7880,,,306513
03/31/1989,7921,,,307789
03/24/1989,7921,,,317835
03/17/1989,7921,,,318360
03/10/1989,7921,,,313828
03/3/1989,7921,,,315037
02/24/1989,7965,,,305255
02/17/1989,7965,,,306065
02/10/1989,7965,,,305217
02/3/1989,7965,,,313945
01/27/1989,8021,,,307008
01/20/1989,8021,,,306513
01/13/1989,8021,,,302665
01/6/1989,8021,,,305576
12/30/1988,8035,,,313654
12/23/1988,8035,,,314765
12/16/1988,8035,,,318990
12/9/1988,8035,,,324248
12/2/1988,8035,,,319749
11/25/1988,8026,,,322409
11/18/1988,8026,,,326823
11/11/1988,8026,,,318675
11/4/1988,8026,,,322097
10/28/1988,8085,,,316401
10/21/1988,8085,,,315085
10/14/1988,8085,,,310447
10/7/1988,8085,,,305450
09/30/1988,8147,,,306036
09/23/1988,8147,,,300430
09/16/1988,8147,,,305143
09/9/1988,8147,,,311683
09/2/1988,8147,,,313544
08/26/1988,8128,,,318511
08/19/1988,8128,,,323205
08/12/1988,8128,,,327971
08/5/1988,8128,,,330335
07/29/1988,8189,,,332365
07/22/1988,8189,,,330751
07/15/1988,8189,,,334259
07/8/1988,8189,,,339783
07/1/1988,8210,,,342310
06/24/1988,8210,,,341838
06/17/1988,8210,,,344567
06/10/1988,8210,,,340370
06/3/1988,8210,,,343019
05/27/1988,8240,,,341208
05/20/1988,8240,,,345463
05/13/1988,8240,,,343544
05/6/1988,8240,,,340335
04/29/1988,8269,,,335042
04/22/1988,8269,,,338077
04/15/1988,8269,,,333296
04/8/1988,8269,,,333705
04/1/1988,8306,,,328537
03/25/1988,8306,,,327289
03/18/1988,8306,,,328937
03/11/1988,8306,,,325188
03/4/1988,8306,,,325274
02/26/1988,8353,,,324061
02/19/1988,8353,,,320876
02/12/1988,8353,,,312386
02/5/1988,8353,,,317127
01/29/1988,8395,,,316008
01/22/1988,8395,,,319760
01/15/1988,8395,,,320568
01/8/1988,8395,,,320851
01/1/1988,8348,,,333655
12/25/1987,8348,,,339178
12/18/1987,8348,,,340670
12/11/1987,8348,,,338654
12/4/1987,8348,,,337304
11/27/1987,8283,,,335814
11/20/1987,8283,,,338198
11/13/1987,8283,,,335157
11/6/1987,8283,,,333255
10/30/1987,8281,,,328896
10/23/1987,8281,,,316857
10/16/1987,8281,,,313755
10/9/1987,8281,,,310961
10/2/1987,8281,,,314186
09/25/1987,8162,,,316043
09/18/1987,8162,,,312588
09/11/1987,8162,,,312686
09/4/1987,8162,,,313494
08/28/1987,8204,,,309451
08/21/1987,8204,,,309220
08/14/1987,8204,,,302412
08/7/1987,8204,,,300958
07/31/1987,8287,,,307077
07/24/1987,8287,,,301702
07/17/1987,8287,,,298706
07/10/1987,8287,,,302862
07/3/1987,8287,,,304943
06/26/1987,8303,,,304454
06/19/1987,8303,,,301883
06/12/1987,8303,,,301345
06/5/1987,8303,,,300954
05/29/1987,8296,,,299567
05/22/1987,8296,,,303381
05/15/1987,8296,,,300278
05/8/1987,8296,,,302611
05/1/1987,8361,,,307567
04/24/1987,8361,,,298167
04/17/1987,8361,,,299466
04/10/1987,8361,,,308491
04/3/1987,8361,,,314031
03/27/1987,8336,,,308038
03/20/1987,8336,,,313392
03/13/1987,8336,,,305895
03/6/1987,8336,,,310363
02/27/1987,8383,,,311491
02/20/1987,8383,,,308205
02/13/1987,8383,,,307917
02/6/1987,8383,,,308479
01/30/1987,8354,,,309455
01/23/1987,8354,,,304234
01/16/1987,8354,,,307260
01/9/1987,8354,,,316926
01/2/1987,8353,,,307823
12/26/1986,8348,,,306597
12/19/1986,8348,,,317982
12/12/1986,8348,,,321059
12/5/1986,8348,,,317980
11/28/1986,8321,,,321037
11/21/1986,8321,,,318454
11/14/1986,8321,,,319679
11/7/1986,8321,,,315272
10/31/1986,8773,,,327758
10/24/1986,8773,,,318425
10/17/1986,8773,,,320001
10/10/1986,8773,,,313010
10/3/1986,8773,,,315751
09/26/1986,8671,,,313278
09/19/1986,8671,,,307280
09/12/1986,8671,,,310490
09/5/1986,8671,,,306246
08/29/1986,8708,,,310955
08/22/1986,8708,,,308755
08/15/1986,8708,,,310871
08/8/1986,8708,,,312924
08/1/1986,8737,,,320012
07/25/1986,8737,,,310051
07/18/1986,8737,,,307065
07/11/1986,8737,,,298871
07/4/1986,8737,,,299341
06/27/1986,8792,,,303908
06/20/1986,8792,,,302543
06/13/1986,8792,,,299249
06/6/1986,8792,,,310824
05/30/1986,8805,,,305568
05/23/1986,8805,,,308590
05/16/1986,8805,,,303348
05/9/1986,8805,,,311336
05/2/1986,8805,,,317285
04/25/1986,8815,,,311499
04/18/1986,8815,,,317219
04/11/1986,8815,,,319613
04/4/1986,8815,,,316315
03/28/1986,8939,,,323395
03/21/1986,8939,,,314941
03/14/1986,8939,,,312567
03/7/1986,8939,,,313853
02/28/1986,8939,,,310183
02/21/1986,8940,,,300623
02/14/1986,8940,,,306754
02/7/1986,8940,,,311382
01/31/1986,8942,,,302996
01/24/1986,8942,,,305632
01/17/1986,8942,,,297979
01/10/1986,8942,,,299779
01/3/1986,8942,,,305147
12/27/1985,8930,,,298551
12/20/1985,8930,,,300234
12/13/1985,8930,,,296771
12/6/1985,8930,,,300376
11/29/1985,8932,,,294140
11/22/1985,8932,,,291676
11/15/1985,8932,,,288284
11/8/1985,8932,,,290134
11/1/1985,8932,,,290776
10/25/1985,8943,,,298122
10/18/1985,8943,,,294952
10/11/1985,8943,,,302337
10/4/1985,8943,,,294662
09/27/1985,8874,,,291175
09/20/1985,8874,,,289541
09/13/1985,8874,,,294828
09/6/1985,8874,,,294402
08/30/1985,8895,,,299740
08/23/1985,8895,,,294068
08/16/1985,8895,,,304954
08/9/1985,8895,,,307275
08/2/1985,8895,,,302128
07/26/1985,8904,,,307219
07/19/1985,8904,,,313728
07/12/1985,8904,,,314931
07/5/1985,8904,,,320782
06/28/1985,8965,,,323682
06/21/1985,8965,,,330077
06/14/1985,8965,,,331306
06/7/1985,8965,,,330564
05/31/1985,8969,,,333399
05/24/1985,8969,,,333896
05/17/1985,8969,,,328263
05/10/1985,8969,,,327605
05/3/1985,8969,,,330347
04/26/1985,8842,,,322205
04/19/1985,8842,,,309715
04/12/1985,8842,,,304744
04/5/1985,8842,,,302000
03/29/1985,8927,,,313149
03/22/1985,8927,,,310423
03/15/1985,8927,,,307344
03/8/1985,8927,,,303198
03/1/1985,8927,,,298757
02/22/1985,8928,,,295928
02/15/1985,8928,,,298076
02/8/1985,8928,,,305989
02/1/1985,8928,,,309460
01/25/1985,8929,,,317918
01/18/1985,8929,,,326508
01/11/1985,8929,,,324107
01/4/1985,8929,,,319923
12/28/1984,8797,,,322281
12/21/1984,8797,,,320537
12/14/1984,8797,,,331783
12/7/1984,8797,,,322292
11/30/1984,8846,,,325608
11/23/1984,8846,,,332639
11/16/1984,8846,,,334201
11/9/1984,8846,,,325115
11/2/1984,8846,,,314922
10/26/1984,8847,,,320900
10/19/1984,8847,,,315273
10/12/1984,8847,,,318610
10/5/1984,8847,,,311211
09/28/1984,8759,,,308426
09/21/1984,8759,,,306957
09/14/1984,8759,,,318007
09/7/1984,8759,,,318672
08/31/1984,8781,,,321597
08/24/1984,8781,,,326092
08/17/1984,8781,,,323344
08/10/1984,8781,,,333554
08/3/1984,8781,,,332398
07/27/1984,8769,,,331607
07/20/1984,8769,,,339830
07/13/1984,8769,,,333149
07/6/1984,8769,,,330378
06/29/1984,8743,,,335999
06/22/1984,8743,,,331714
06/15/1984,8743,,,338234
06/8/1984,8743,,,342189
06/1/1984,8743,,,339659
05/25/1984,8753,,,332465
05/18/1984,8753,,,340510
05/11/1984,8753,,,332296
05/4/1984,8753,,,326633
04/27/1984,8688,,,319724
04/20/1984,8688,,,323505
04/13/1984,8688,,,324087
04/6/1984,8688,,,320689
03/30/1984,8718,,,310506
03/23/1984,8718,,,309072
03/16/1984,8718,,,312445
03/9/1984,8718,,,313132
03/2/1984,8718,,,317746
02/24/1984,8726,,,317999
02/17/1984,8726,,,322097
02/10/1984,8726,,,320037
02/3/1984,8726,,,320842
01/27/1984,8659,,,324301
01/20/1984,8659,,,327811
01/13/1984,8659,,,331804
01/6/1984,8659,,,328070
12/30/1983,8612,,,327028
12/23/1983,8612,,,326469
12/16/1983,8612,,,330911
12/9/1983,8612,,,332192
12/2/1983,8612,,,326264
11/25/1983,8624,,,330704
11/18/1983,8624,,,334859
11/11/1983,8624,,,339341
11/4/1983,8624,,,335837
10/28/1983,8654,,,324210
10/21/1983,8654,,,331681
10/14/1983,8654,,,334292
10/7/1983,8654,,,331723
09/30/1983,8666,,,329028
09/23/1983,8666,,,328203
09/16/1983,8666,,,328092
09/9/1983,8666,,,326370
09/2/1983,8666,,,328895
08/26/1983,8653,,,325015
08/19/1983,8653,,,320879
08/12/1983,8653,,,314861
08/5/1983,8653,,,322642
07/29/1983,8647,,,326267
07/22/1983,8647,,,323643
07/15/1983,8647,,,324265
07/8/1983,8647,,,326776
07/1/1983,8676,,,333387
06/24/1983,8676,,,331611
06/17/1983,8676,,,332713
06/10/1983,8676,,,333407
06/3/1983,8676,,,334607
05/20/1983,8682,,,345545
05/13/1983,8682,,,342703
04/29/1983,8686,,,342707
04/15/1983,8686,,,340539
04/8/1983,8686,,,335263
04/1/1983,8677,,,331215
03/25/1983,8677,,,337155
03/18/1983,8677,,,335901
03/11/1983,8677,,,341753
03/4/1983,8677,,,339216
02/25/1983,8660,,,349452
02/18/1983,8660,,,342040
02/11/1983,8660,,,338719
02/4/1983,8660,,,332527
01/28/1983,8634,,,339617
01/21/1983,8634,,,334178
01/14/1983,8634,,,339028
01/7/1983,8634,,,326701
,,,,330150
,,,,335061
,,,,338912
,,,,337943
,,,,332447
,,,,325639
,,,,331264
,,,,323448
,,,,331057
,,,,333067
,,,,334370
,,,,326979
,,,,335260
,,,,334786
,,,,335586
,,,,336138
,,,,338764
